,Date,Adj close,Close,High,Low,Open,Volume
0,2023-04-24,373.4889831542969,376.45001220703125,384.1499938964844,372.0,383.75,215238
1,2023-04-25,374.3322448730469,377.29998779296875,387.70001220703125,375.04998779296875,376.3999938964844,251653
2,2023-04-26,372.59600830078125,375.54998779296875,384.29998779296875,373.0,377.95001220703125,188439
3,2023-04-27,388.7678527832031,391.8500061035156,406.95001220703125,375.95001220703125,376.0,1459944
4,2023-04-28,383.55914306640625,386.6000061035156,395.95001220703125,383.1000061035156,393.3999938964844,291208
5,2023-05-02,386.0394592285156,389.1000061035156,399.3999938964844,383.79998779296875,387.0,312616
6,2023-05-03,389.4623107910156,392.54998779296875,397.79998779296875,387.45001220703125,387.8500061035156,440433
7,2023-05-04,383.21185302734375,386.25,404.3999938964844,383.20001220703125,393.6000061035156,430010
8,2023-05-05,366.24639892578125,369.1499938964844,392.0,365.3500061035156,386.70001220703125,339149
9,2023-05-08,359.8471374511719,362.70001220703125,369.0,360.04998779296875,366.75,262107
10,2023-05-09,355.77935791015625,358.6000061035156,372.6499938964844,356.5,364.95001220703125,121681
11,2023-05-10,358.80535888671875,361.6499938964844,365.70001220703125,353.6000061035156,361.0,149139
12,2023-05-11,358.40850830078125,361.25,367.8500061035156,360.0,364.54998779296875,149332
13,2023-05-12,355.8289489746094,358.6499938964844,368.95001220703125,357.79998779296875,361.0,123678
14,2023-05-15,358.0116882324219,360.8500061035156,364.3999938964844,358.3999938964844,359.0,101996
15,2023-05-16,362.4266357421875,365.29998779296875,379.5,363.79998779296875,363.79998779296875,274391
16,2023-05-17,374.6795349121094,377.6499938964844,381.79998779296875,368.20001220703125,370.04998779296875,472549
17,2023-05-18,366.0975646972656,369.0,380.8500061035156,367.5,380.04998779296875,127748
18,2023-05-19,356.6227111816406,359.45001220703125,371.75,357.1000061035156,371.70001220703125,188619
19,2023-05-22,353.9934997558594,356.79998779296875,360.20001220703125,351.29998779296875,360.1000061035156,118918
20,2023-05-23,353.0509948730469,355.8500061035156,361.5,354.0,358.0,116465
21,2023-05-24,344.22100830078125,346.95001220703125,357.3500061035156,345.1000061035156,353.0,111802
22,2023-05-25,346.0564270019531,348.79998779296875,356.75,347.0,348.70001220703125,118863
23,2023-05-26,345.709228515625,348.45001220703125,353.95001220703125,344.0,349.79998779296875,96288
24,2023-05-29,343.7745361328125,346.5,351.6499938964844,345.1000061035156,350.1000061035156,80268
25,2023-05-30,348.5863952636719,351.3500061035156,360.8999938964844,342.0,346.0,187426
26,2023-05-31,352.8029479980469,355.6000061035156,360.0,349.95001220703125,351.0,161757
27,2023-06-01,352.6541442871094,355.45001220703125,360.0,353.1000061035156,356.0,59881
28,2023-06-02,350.6202392578125,353.3999938964844,362.54998779296875,351.1000061035156,357.0,123176
29,2023-06-05,352.4061279296875,355.20001220703125,357.95001220703125,352.29998779296875,355.1499938964844,59826
30,2023-06-06,350.1737976074219,352.95001220703125,356.5,349.20001220703125,356.3999938964844,85663
31,2023-06-07,362.72430419921875,365.6000061035156,377.5,352.0,354.3999938964844,479834
32,2023-06-08,364.906982421875,367.79998779296875,381.8999938964844,364.0,366.95001220703125,302561
33,2023-06-09,371.3558654785156,374.29998779296875,378.6000061035156,371.1000061035156,371.1000061035156,159700
34,2023-06-12,369.57000732421875,372.5,381.20001220703125,370.25,376.0,122560
35,2023-06-13,394.3733825683594,397.5,407.8500061035156,373.20001220703125,374.3999938964844,1494000
36,2023-06-14,413.2239685058594,416.5,430.0,393.79998779296875,400.0,1513613
37,2023-06-15,409.15618896484375,412.3999938964844,425.8999938964844,410.70001220703125,419.8999938964844,398197
38,2023-06-16,406.2294006347656,409.45001220703125,421.0,407.1499938964844,414.0,199280
39,2023-06-19,401.26873779296875,404.45001220703125,419.20001220703125,400.79998779296875,411.0,223831
40,2023-06-20,402.8065185546875,406.0,413.20001220703125,403.29998779296875,404.54998779296875,194148
41,2023-06-21,398.193115234375,401.3500061035156,415.20001220703125,400.0,407.95001220703125,145448
42,2023-06-22,390.80169677734375,393.8999938964844,409.79998779296875,386.95001220703125,402.29998779296875,166130
43,2023-06-23,380.1858825683594,383.20001220703125,403.79998779296875,381.0,394.3999938964844,155156
44,2023-06-26,379.88824462890625,382.8999938964844,389.0,378.8999938964844,384.5,126143
45,2023-06-27,395.01824951171875,398.1499938964844,402.0,384.20001220703125,384.20001220703125,263078
46,2023-06-28,401.7151794433594,404.8999938964844,410.0,394.1000061035156,400.20001220703125,390585
47,2023-06-30,400.4750061035156,403.6499938964844,409.8500061035156,400.5,404.5,174988
48,2023-07-03,394.47259521484375,397.6000061035156,408.5,396.1000061035156,404.0,174793
49,2023-07-04,390.9009094238281,394.0,403.0,393.04998779296875,399.04998779296875,102166
50,2023-07-05,391.99224853515625,395.1000061035156,401.6499938964844,391.04998779296875,394.8999938964844,119054
51,2023-07-06,409.00738525390625,412.25,424.70001220703125,393.54998779296875,395.79998779296875,975790
52,2023-07-07,415.85308837890625,419.1499938964844,426.6000061035156,408.20001220703125,412.70001220703125,559994
53,2023-07-10,411.2892761230469,414.54998779296875,428.3999938964844,412.8999938964844,420.0,345970
54,2023-07-11,414.0672607421875,417.3500061035156,432.79998779296875,415.45001220703125,416.1499938964844,349229
55,2023-07-12,405.73333740234375,408.95001220703125,420.95001220703125,406.04998779296875,418.75,183337
56,2023-07-13,396.7049255371094,399.8500061035156,419.3999938964844,395.3999938964844,411.3999938964844,175179
57,2023-07-14,391.39697265625,394.5,406.0,391.45001220703125,402.0,189495
58,2023-07-17,396.6552734375,399.79998779296875,406.3999938964844,395.0,396.0,166041
59,2023-07-18,389.4623107910156,392.54998779296875,403.20001220703125,388.6000061035156,399.79998779296875,139942
60,2023-07-19,389.3135070800781,392.3999938964844,399.0,391.5,393.70001220703125,77337
61,2023-07-20,391.2481994628906,394.3500061035156,402.5,390.0,393.8500061035156,142027
62,2023-07-21,388.3710021972656,391.45001220703125,395.3999938964844,390.29998779296875,392.0,82101
63,2023-07-24,378.7472839355469,381.75,397.6499938964844,380.3500061035156,393.0,175710
64,2023-07-25,376.3165283203125,379.29998779296875,387.0,373.04998779296875,382.79998779296875,128786
65,2023-07-26,380.38427734375,383.3999938964844,394.6499938964844,379.3999938964844,380.0,207263
66,2023-07-27,379.5906066894531,382.6000061035156,388.6499938964844,380.0,385.0,62527
67,2023-07-28,379.8897705078125,380.8999938964844,387.3999938964844,380.0,382.3500061035156,80961
68,2023-07-31,381.4356994628906,382.45001220703125,386.0,379.70001220703125,381.8500061035156,65016
69,2023-08-01,377.4462890625,378.45001220703125,384.8999938964844,376.3500061035156,383.8999938964844,85508
70,2023-08-02,372.9083557128906,373.8999938964844,381.20001220703125,367.0,377.1000061035156,116191
71,2023-08-03,372.2102355957031,373.20001220703125,378.95001220703125,368.45001220703125,373.8999938964844,103693
72,2023-08-04,382.83197021484375,383.8500061035156,394.0,374.70001220703125,374.70001220703125,263976
73,2023-08-07,366.92425537109375,367.8999938964844,381.5,365.6000061035156,381.5,212198
74,2023-08-08,360.89031982421875,361.8500061035156,369.0,360.04998779296875,368.3999938964844,135573
75,2023-08-09,365.3783874511719,366.3500061035156,371.45001220703125,363.0,363.8500061035156,88149
76,2023-08-10,366.7248229980469,367.70001220703125,373.8999938964844,365.45001220703125,367.1000061035156,78171
77,2023-08-11,357.3497009277344,358.29998779296875,372.0,356.75,368.8500061035156,110812
78,2023-08-14,344.0849914550781,345.0,363.45001220703125,342.0,358.6000061035156,254554
79,2023-08-16,356.2526550292969,357.20001220703125,358.95001220703125,343.04998779296875,344.04998779296875,112050
80,2023-08-17,355.25531005859375,356.20001220703125,359.04998779296875,352.54998779296875,356.6499938964844,87320
81,2023-08-18,347.0271911621094,347.95001220703125,357.8999938964844,345.29998779296875,357.6000061035156,85083
82,2023-08-21,350.6675109863281,351.6000061035156,354.8500061035156,348.54998779296875,349.70001220703125,53997
83,2023-08-22,357.69879150390625,358.6499938964844,361.70001220703125,352.79998779296875,352.79998779296875,74665
84,2023-08-23,362.23675537109375,363.20001220703125,368.8999938964844,359.54998779296875,360.3999938964844,96348
85,2023-08-24,359.19482421875,360.1499938964844,369.54998779296875,359.04998779296875,365.0,55774
86,2023-08-25,356.10302734375,357.04998779296875,364.1000061035156,352.95001220703125,360.0,59766
87,2023-08-28,359.24468994140625,360.20001220703125,367.04998779296875,356.79998779296875,360.0,60460
88,2023-08-29,365.17889404296875,366.1499938964844,367.95001220703125,360.1000061035156,361.95001220703125,76705
89,2023-08-30,363.7327575683594,364.70001220703125,368.70001220703125,363.0,368.6000061035156,42484
90,2023-08-31,368.9688415527344,369.95001220703125,377.20001220703125,366.6000061035156,366.6499938964844,150360
91,2023-09-01,384.7269287109375,385.75,392.6000061035156,369.75,371.70001220703125,598685
92,2023-09-04,382.93170166015625,383.95001220703125,392.1000061035156,383.0,388.70001220703125,146529
93,2023-09-05,379.2913818359375,380.29998779296875,387.8999938964844,377.1000061035156,385.0,108093
94,2023-09-06,375.3019714355469,376.29998779296875,383.75,373.54998779296875,382.0,99876
95,2023-09-07,375.0027770996094,376.0,381.95001220703125,374.8999938964844,379.79998779296875,65742
96,2023-09-08,373.60650634765625,374.6000061035156,380.1499938964844,374.0,377.3999938964844,48295
97,2023-09-11,375.1523742675781,376.1499938964844,382.79998779296875,372.5,376.0,83314
98,2023-09-12,356.8510437011719,357.79998779296875,379.54998779296875,355.29998779296875,378.79998779296875,110800
99,2023-09-13,361.68817138671875,362.6499938964844,363.95001220703125,352.3999938964844,357.79998779296875,75078
100,2023-09-14,361.18951416015625,362.1499938964844,366.8999938964844,360.8999938964844,365.0,48065
101,2023-09-15,358.4967041015625,359.45001220703125,365.95001220703125,357.6000061035156,364.0,55952
102,2023-09-18,359.19482421875,360.1499938964844,362.8999938964844,357.3500061035156,362.0,42908
103,2023-09-20,358.4967041015625,359.45001220703125,362.8500061035156,355.95001220703125,359.3999938964844,36315
104,2023-09-21,356.2027587890625,357.1499938964844,361.45001220703125,355.29998779296875,358.79998779296875,25763
105,2023-09-22,352.8616638183594,353.79998779296875,360.0,352.1000061035156,360.0,22919
106,2023-09-25,350.069091796875,351.0,360.8500061035156,348.3500061035156,353.0,40121
107,2023-09-26,353.2606201171875,354.20001220703125,358.1000061035156,349.75,351.79998779296875,37864
108,2023-09-27,352.6622009277344,353.6000061035156,358.20001220703125,350.1000061035156,350.1000061035156,25335
109,2023-09-28,347.2765197753906,348.20001220703125,358.8999938964844,346.95001220703125,356.8999938964844,48880
110,2023-09-29,345.0325012207031,345.95001220703125,352.6000061035156,344.04998779296875,348.5,48803
111,2023-10-03,351.1661682128906,352.1000061035156,355.95001220703125,347.29998779296875,348.29998779296875,39707
112,2023-10-04,349.4208068847656,350.3500061035156,354.70001220703125,348.04998779296875,352.1000061035156,31243
113,2023-10-05,349.0218811035156,349.95001220703125,354.3500061035156,348.04998779296875,353.0,25268
114,2023-10-06,349.7698974609375,350.70001220703125,354.0,349.04998779296875,351.95001220703125,31112
115,2023-10-09,340.79376220703125,341.70001220703125,349.6000061035156,338.6000061035156,349.0,48022
116,2023-10-10,338.1507568359375,339.04998779296875,348.1499938964844,336.6000061035156,343.95001220703125,61832
117,2023-10-11,373.1576843261719,374.1499938964844,406.0,338.0,338.0,881594
118,2023-10-12,365.2287902832031,366.20001220703125,376.0,364.1000061035156,376.0,129222
119,2023-10-13,368.12109375,369.1000061035156,382.1499938964844,364.04998779296875,365.3999938964844,163423
120,2023-10-16,368.52001953125,369.5,379.0,366.0,371.0,86014
121,2023-10-17,366.5751953125,367.54998779296875,374.1499938964844,366.1499938964844,371.0,52879
122,2023-10-18,364.38104248046875,365.3500061035156,373.1000061035156,363.5,368.79998779296875,50837
123,2023-10-19,361.58843994140625,362.54998779296875,366.6000061035156,360.6000061035156,362.1000061035156,40234
124,2023-10-20,353.75927734375,354.70001220703125,364.8999938964844,353.04998779296875,362.25,52781
125,2023-10-23,339.0982666015625,340.0,354.6499938964844,335.0,350.0,59007
126,2023-10-25,343.3868408203125,344.29998779296875,359.8999938964844,337.6499938964844,344.0,96933
127,2023-10-26,343.6860656738281,344.6000061035156,345.8999938964844,333.1499938964844,344.0,50876
128,2023-10-27,353.3603210449219,354.29998779296875,362.04998779296875,344.95001220703125,345.0,71983
129,2023-10-30,345.780517578125,346.70001220703125,360.20001220703125,344.1000061035156,354.29998779296875,46690
130,2023-10-31,344.48394775390625,345.3999938964844,358.75,343.20001220703125,349.8500061035156,99665
131,2023-11-01,343.1874084472656,344.1000061035156,351.29998779296875,342.6000061035156,346.8999938964844,38880
132,2023-11-02,343.5364685058594,344.45001220703125,349.95001220703125,343.0,346.8999938964844,31473
133,2023-11-03,345.4812927246094,346.3999938964844,354.04998779296875,345.1499938964844,347.0,51221
134,2023-11-06,347.77520751953125,348.70001220703125,354.5,346.8999938964844,349.3999938964844,37460
135,2023-11-07,349.2213439941406,350.1499938964844,352.79998779296875,347.8500061035156,349.6499938964844,33660
136,2023-11-08,349.3709411621094,350.29998779296875,354.95001220703125,348.04998779296875,352.70001220703125,43578
137,2023-11-09,352.21337890625,353.1499938964844,360.54998779296875,350.5,353.3999938964844,106559
138,2023-11-10,353.6595458984375,354.6000061035156,367.95001220703125,350.1499938964844,356.5,169255
139,2023-11-13,350.8171081542969,351.75,357.95001220703125,350.8999938964844,355.0,35967
140,2023-11-15,350.866943359375,351.79998779296875,356.6000061035156,351.0,352.20001220703125,33162
141,2023-11-16,354.8064880371094,355.75,362.0,351.6000061035156,352.45001220703125,94083
142,2023-11-17,349.3709411621094,350.29998779296875,356.8999938964844,345.1000061035156,355.95001220703125,55191
143,2023-11-20,340.3948059082031,341.29998779296875,351.6499938964844,335.1000061035156,350.29998779296875,63169
144,2023-11-21,342.1401672363281,343.04998779296875,350.0,341.1000061035156,342.95001220703125,65851
145,2023-11-22,342.289794921875,343.20001220703125,345.95001220703125,341.0,343.04998779296875,39647
146,2023-11-23,342.73858642578125,343.6499938964844,346.8500061035156,342.1000061035156,344.1000061035156,26977
147,2023-11-24,343.2871398925781,344.20001220703125,353.70001220703125,341.25,341.25,31531
148,2023-11-28,341.8409729003906,342.75,347.8999938964844,340.0,342.0,60047
149,2023-11-29,341.8908386230469,342.79998779296875,346.6499938964844,340.8500061035156,345.0,53266
150,2023-11-30,342.1401672363281,343.04998779296875,348.0,341.04998779296875,344.6499938964844,44937
151,2023-12-01,339.34759521484375,340.25,347.20001220703125,339.1000061035156,344.25,75599
152,2023-12-04,343.486572265625,344.3999938964844,352.0,341.95001220703125,343.29998779296875,80111
153,2023-12-05,342.688720703125,343.6000061035156,349.8999938964844,342.0,345.79998779296875,49239
154,2023-12-06,347.1767883300781,348.1000061035156,362.0,342.0,343.25,167859
155,2023-12-07,351.5152587890625,352.45001220703125,356.20001220703125,349.0,349.95001220703125,100274
156,2023-12-08,347.4261169433594,348.3500061035156,356.3999938964844,344.1000061035156,352.75,73783
157,2023-12-11,346.3788757324219,347.29998779296875,354.79998779296875,345.70001220703125,351.0,61515
158,2023-12-12,369.2680358886719,370.25,416.75,346.25,347.29998779296875,2243747
159,2023-12-13,361.2394104003906,362.20001220703125,372.79998779296875,360.5,372.0,179281
160,2023-12-14,352.2632751464844,353.20001220703125,374.79998779296875,349.95001220703125,363.6499938964844,269860
161,2023-12-15,355.504638671875,356.45001220703125,363.04998779296875,352.1499938964844,354.6000061035156,115231
162,2023-12-18,357.9481201171875,358.8999938964844,364.79998779296875,354.54998779296875,356.45001220703125,105497
163,2023-12-19,355.9035949707031,356.8500061035156,363.5,354.0,360.8999938964844,78447
164,2023-12-20,342.5889892578125,343.5,361.5,340.0,358.5,114773
165,2023-12-21,347.0271911621094,347.95001220703125,349.45001220703125,340.20001220703125,342.0,51770
166,2023-12-22,352.6622009277344,353.6000061035156,358.0,347.54998779296875,349.3999938964844,57905
167,2023-12-26,354.4075622558594,355.3500061035156,356.95001220703125,351.6000061035156,353.6000061035156,44499
168,2023-12-27,352.16351318359375,353.1000061035156,358.79998779296875,351.8999938964844,356.3999938964844,50495
169,2023-12-28,353.6595458984375,354.6000061035156,357.0,351.04998779296875,352.3999938964844,55026
170,2023-12-29,355.2054138183594,356.1499938964844,362.04998779296875,353.79998779296875,355.8500061035156,94094
171,2024-01-01,358.2473449707031,359.20001220703125,364.79998779296875,355.25,356.1499938964844,93155
172,2024-01-02,356.0033264160156,356.95001220703125,362.54998779296875,354.70001220703125,360.1499938964844,39523
173,2024-01-03,354.5072937011719,355.45001220703125,362.20001220703125,350.0,357.79998779296875,64756
174,2024-01-04,355.3550109863281,356.29998779296875,361.0,355.0,355.45001220703125,59257
175,2024-01-05,354.20806884765625,355.1499938964844,359.5,353.25,358.04998779296875,45957
176,2024-01-08,348.37359619140625,349.29998779296875,357.45001220703125,348.0,355.0,45304
177,2024-01-09,357.39959716796875,358.3500061035156,368.0,350.0,353.25,295333
178,2024-01-10,355.0558166503906,356.0,364.79998779296875,353.0,359.70001220703125,97775
179,2024-01-11,356.4521179199219,357.3999938964844,360.25,355.95001220703125,358.79998779296875,39676
180,2024-01-12,367.6224060058594,368.6000061035156,379.29998779296875,357.45001220703125,359.25,763194
181,2024-01-15,372.9083557128906,373.8999938964844,381.8999938964844,372.0,374.70001220703125,282554
182,2024-01-16,365.3284912109375,366.29998779296875,373.8999938964844,362.0,373.0,119808
183,2024-01-17,361.4388427734375,362.3999938964844,367.6499938964844,360.1000061035156,364.5,55548
184,2024-01-18,353.8590087890625,354.79998779296875,364.54998779296875,350.04998779296875,360.0,89232
185,2024-01-19,353.1109924316406,354.04998779296875,360.95001220703125,350.25,355.6000061035156,78129
186,2024-01-23,345.6308898925781,346.54998779296875,360.79998779296875,343.0,360.79998779296875,67759
187,2024-01-24,348.27386474609375,349.20001220703125,351.8999938964844,342.8999938964844,345.0,73348
188,2024-01-25,351.3157653808594,352.25,354.0,349.20001220703125,350.70001220703125,40813
189,2024-01-29,346.6781005859375,347.6000061035156,356.54998779296875,345.1000061035156,354.95001220703125,67378
190,2024-01-30,351.6149597167969,352.54998779296875,356.95001220703125,347.29998779296875,349.8500061035156,73371
191,2024-01-31,352.6622009277344,353.6000061035156,355.0,351.95001220703125,353.54998779296875,38022
192,2024-02-01,348.4234619140625,349.3500061035156,355.04998779296875,346.3500061035156,355.0,43932
193,2024-02-02,345.5311584472656,346.45001220703125,353.5,345.04998779296875,351.8999938964844,78783
194,2024-02-05,344.18475341796875,345.1000061035156,350.79998779296875,344.0,347.45001220703125,47052
195,2024-02-06,344.98260498046875,345.8999938964844,347.8500061035156,343.1000061035156,345.1000061035156,36926
196,2024-02-07,351.814453125,352.75,364.20001220703125,346.3500061035156,348.79998779296875,124036
197,2024-02-08,351.41552734375,352.3500061035156,357.95001220703125,350.79998779296875,354.75,57430
198,2024-02-09,343.7359313964844,344.6499938964844,354.8500061035156,341.29998779296875,354.8500061035156,71197
199,2024-02-12,321.19586181640625,322.04998779296875,341.95001220703125,320.0,339.95001220703125,123154
200,2024-02-13,318.0043640136719,318.8500061035156,322.75,307.79998779296875,317.20001220703125,55488
201,2024-02-14,329.32427978515625,330.20001220703125,335.0,318.8500061035156,318.8500061035156,91050
202,2024-02-15,327.57891845703125,328.45001220703125,335.6499938964844,325.54998779296875,334.5,45886
203,2024-02-16,326.53167724609375,327.3999938964844,332.5,325.6000061035156,332.5,40060
204,2024-02-19,333.4133605957031,334.29998779296875,338.0,328.20001220703125,328.54998779296875,54366
205,2024-02-20,332.7651062011719,333.6499938964844,335.54998779296875,330.04998779296875,335.0,24226
206,2024-02-21,327.5290222167969,328.3999938964844,336.8500061035156,327.1000061035156,336.8500061035156,35680
207,2024-02-22,319.94915771484375,320.79998779296875,331.3500061035156,319.6000061035156,328.0,54110
208,2024-02-23,321.544921875,322.3999938964844,324.75,318.8500061035156,322.20001220703125,41573
209,2024-02-26,320.8468017578125,321.70001220703125,327.75,319.75,323.75,31385
210,2024-02-27,321.4451904296875,322.29998779296875,324.0,321.1000061035156,321.70001220703125,25021
211,2024-02-28,312.3693542480469,313.20001220703125,330.0,310.0,321.1000061035156,76540
212,2024-02-29,310.27490234375,311.1000061035156,315.54998779296875,309.8999938964844,314.45001220703125,32567
213,2024-03-01,315.4112548828125,316.25,320.54998779296875,312.79998779296875,312.79998779296875,46712
214,2024-03-04,314.7131042480469,315.54998779296875,322.25,313.3500061035156,319.8999938964844,37861
215,2024-03-05,311.0727844238281,311.8999938964844,318.0,310.04998779296875,316.3999938964844,34993
216,2024-03-06,303.34332275390625,304.1499938964844,312.8999938964844,301.0,311.8999938964844,52471
217,2024-03-07,304.59002685546875,305.3999938964844,308.8999938964844,303.29998779296875,305.20001220703125,40276
218,2024-03-11,291.425048828125,292.20001220703125,306.5,290.1000061035156,305.0,90003
219,2024-03-12,276.9136047363281,277.6499938964844,294.54998779296875,277.0,292.25,89276
220,2024-03-13,249.68603515625,250.35000610351562,283.8999938964844,241.0,279.25,129897
221,2024-03-14,264.19744873046875,264.8999938964844,268.6499938964844,238.0,242.0,113291
222,2024-03-15,262.15289306640625,262.8500061035156,270.0,257.1000061035156,266.75,40412
223,2024-03-18,264.1475830078125,264.8500061035156,269.5,262.75,263.0,67981
224,2024-03-19,260.9560546875,261.6499938964844,268.8999938964844,256.1000061035156,264.1499938964844,61426
225,2024-03-20,259.46002197265625,260.1499938964844,265.70001220703125,252.5500030517578,259.95001220703125,56566
226,2024-03-21,262.0032958984375,262.70001220703125,265.3999938964844,258.1000061035156,262.8999938964844,67505
227,2024-03-22,262.1029968261719,262.79998779296875,265.0,261.5,262.70001220703125,53838
228,2024-03-26,254.27383422851562,254.9499969482422,265.95001220703125,251.35000610351562,263.79998779296875,84109
229,2024-03-27,251.78045654296875,252.4499969482422,265.79998779296875,246.9499969482422,254.0,103667
230,2024-03-28,249.9353790283203,250.60000610351562,260.79998779296875,248.5,254.39999389648438,79481
231,2024-04-01,286.0393371582031,286.79998779296875,294.0,250.60000610351562,252.60000610351562,696959
232,2024-04-02,311.87066650390625,312.70001220703125,319.95001220703125,278.3500061035156,286.79998779296875,905693
233,2024-04-03,307.6817932128906,308.5,317.79998779296875,298.29998779296875,307.0,348227
234,2024-04-04,307.5321960449219,308.3500061035156,319.0,303.54998779296875,313.8999938964844,147278
235,2024-04-05,307.4823303222656,308.29998779296875,315.0,302.6499938964844,307.8999938964844,93210
236,2024-04-08,305.08868408203125,305.8999938964844,313.70001220703125,304.1000061035156,310.45001220703125,69505
237,2024-04-09,300.94970703125,301.75,308.04998779296875,298.1000061035156,307.0,51235
238,2024-04-10,299.0048828125,299.79998779296875,304.0,297.25,302.75,68811
239,2024-04-12,296.91046142578125,297.70001220703125,301.5,295.6000061035156,297.25,35565
240,2024-04-15,284.9422912597656,285.70001220703125,296.95001220703125,282.0,296.95001220703125,62743
241,2024-04-16,289.3804626464844,290.1499938964844,292.95001220703125,284.45001220703125,285.0,45089
242,2024-04-18,288.38311767578125,289.1499938964844,294.75,288.0,292.8999938964844,40061
243,2024-04-19,305.0388488769531,305.8500061035156,319.8999938964844,281.3500061035156,289.1499938964844,352362
244,2024-04-22,299.5534362792969,300.3500061035156,311.75,297.25,306.8999938964844,141599
245,2024-04-23,298.2568664550781,299.04998779296875,306.5,297.29998779296875,297.29998779296875,74259
246,2024-04-24,300.70037841796875,301.5,305.70001220703125,299.5,301.3999938964844,54107
247,2024-04-25,299.5035400390625,300.29998779296875,304.3500061035156,298.1000061035156,301.5,42649
248,2024-04-26,302.0966491699219,302.8999938964844,309.70001220703125,301.1000061035156,302.6499938964844,74808
249,2024-04-29,299.3040771484375,300.1000061035156,304.8999938964844,299.1499938964844,301.0,29553
250,2024-04-30,301.49822998046875,302.29998779296875,307.45001220703125,299.04998779296875,302.6000061035156,48786
251,2024-05-02,359.8929748535156,360.8500061035156,362.75,306.04998779296875,307.0,4237953
252,2024-05-03,341.6913757324219,342.6000061035156,373.70001220703125,340.0,363.6499938964844,1950281
253,2024-05-06,325.03564453125,325.8999938964844,349.95001220703125,324.29998779296875,345.95001220703125,295728
254,2024-05-07,331.1194763183594,332.0,348.75,322.95001220703125,327.25,517300
255,2024-05-08,326.53167724609375,327.3999938964844,340.6000061035156,326.1000061035156,333.04998779296875,113259
256,2024-05-09,321.39532470703125,322.25,334.0,317.5,326.0,139819
257,2024-05-10,310.1751708984375,311.0,321.0,307.29998779296875,318.0,129601
258,2024-05-13,322.34283447265625,323.20001220703125,331.0,305.04998779296875,315.75,142401
259,2024-05-14,319.6001281738281,320.45001220703125,329.8999938964844,317.8999938964844,324.8999938964844,113662
260,2024-05-15,319.5003967285156,320.3500061035156,327.04998779296875,318.3500061035156,320.8999938964844,59464
261,2024-05-16,321.19586181640625,322.04998779296875,330.1000061035156,317.79998779296875,321.95001220703125,88818
262,2024-05-17,320.5475769042969,321.3999938964844,329.54998779296875,317.54998779296875,323.70001220703125,74713
263,2024-05-21,319.001708984375,319.8500061035156,324.3999938964844,318.79998779296875,323.1499938964844,64233
264,2024-05-22,316.2091064453125,317.04998779296875,325.5,314.1000061035156,319.04998779296875,99888
265,2024-05-23,317.40594482421875,318.25,320.0,316.45001220703125,317.0,47416
266,2024-05-24,313.41656494140625,314.25,319.6000061035156,313.25,318.0,50696
267,2024-05-27,316.2590026855469,317.1000061035156,324.25,315.04998779296875,315.04998779296875,38498
268,2024-05-28,313.566162109375,314.3999938964844,324.20001220703125,312.1000061035156,318.45001220703125,63730
269,2024-05-29,312.2696228027344,313.1000061035156,315.6000061035156,309.54998779296875,314.0,61818
270,2024-05-30,305.786865234375,306.6000061035156,314.6000061035156,304.0,312.0,40849
271,2024-05-31,305.9862976074219,306.79998779296875,310.04998779296875,304.20001220703125,308.6499938964844,31990
272,2024-06-03,314.4139099121094,315.25,324.0,308.1000061035156,320.0,81345
273,2024-06-04,296.7109680175781,297.5,314.0,285.0,310.5,74767
274,2024-06-05,300.7502136230469,301.54998779296875,304.8999938964844,287.79998779296875,297.5,69727
275,2024-06-06,304.19110107421875,305.0,312.0,303.70001220703125,303.70001220703125,39589
276,2024-06-07,309.1279602050781,309.95001220703125,311.0,305.0,306.5,43128
277,2024-06-10,328.37677001953125,329.25,343.8999938964844,309.1000061035156,311.8999938964844,184203
278,2024-06-11,320.0987854003906,320.95001220703125,331.0,319.8500061035156,330.0,154826
279,2024-06-12,315.8600769042969,316.70001220703125,324.8500061035156,314.54998779296875,321.0,110015
280,2024-06-13,324.0382995605469,324.8999938964844,332.0,316.70001220703125,320.0,181357
281,2024-06-14,326.63140869140625,327.5,338.20001220703125,323.0,327.0,199030
282,2024-06-18,324.78631591796875,325.6499938964844,332.0,324.20001220703125,328.20001220703125,87405
283,2024-06-19,322.1932067871094,323.04998779296875,331.1000061035156,318.0,327.45001220703125,91754
284,2024-06-20,333.21392822265625,334.1000061035156,336.29998779296875,322.0,324.0,218668
285,2024-06-21,334.6600646972656,335.54998779296875,353.5,330.1000061035156,335.0,340498
286,2024-06-24,330.8701477050781,331.75,334.3500061035156,327.20001220703125,333.0,74801
287,2024-06-25,346.4786376953125,347.3999938964844,371.70001220703125,332.75,332.75,1273738
288,2024-06-26,346.578369140625,347.5,362.6000061035156,341.6000061035156,346.0,263982
289,2024-06-27,342.9879150390625,343.8999938964844,354.0,342.0,349.79998779296875,135153
290,2024-06-28,342.93804931640625,343.8500061035156,346.70001220703125,341.6000061035156,345.8999938964844,61793
291,2024-07-01,348.07440185546875,349.0,352.6499938964844,343.70001220703125,344.8500061035156,83965
292,2024-07-02,349.3709411621094,350.29998779296875,363.8500061035156,346.5,350.6000061035156,131048
293,2024-07-03,358.4468078613281,359.3999938964844,372.0,351.0,351.0,357846
294,2024-07-04,362.3364562988281,363.29998779296875,366.0,358.54998779296875,361.6000061035156,126537
295,2024-07-05,371.6616516113281,372.6499938964844,382.04998779296875,360.79998779296875,363.5,567762
296,2024-07-08,366.82452392578125,367.79998779296875,375.95001220703125,364.0,374.79998779296875,126720
297,2024-07-09,360.79058837890625,361.75,370.8500061035156,360.8500061035156,369.45001220703125,116548
298,2024-07-10,353.8590087890625,354.79998779296875,363.5,347.45001220703125,363.5,81423
299,2024-07-11,361.7879333496094,362.75,374.0,356.3999938964844,356.45001220703125,133262
300,2024-07-12,356.5518493652344,357.5,365.1000061035156,356.0,364.5,58393
301,2024-07-15,357.49932861328125,358.45001220703125,362.1000061035156,352.0,355.0,56945
302,2024-07-16,360.1423034667969,361.1000061035156,367.3500061035156,357.6000061035156,358.45001220703125,53847
303,2024-07-18,350.8171081542969,351.75,363.54998779296875,350.3999938964844,362.0,42209
304,2024-07-19,340.79376220703125,341.70001220703125,353.04998779296875,339.1000061035156,352.70001220703125,58261
305,2024-07-22,344.68341064453125,345.6000061035156,349.29998779296875,336.79998779296875,341.0,42462
306,2024-07-23,341.8409729003906,342.75,349.70001220703125,331.0,347.45001220703125,54726
307,2024-07-24,360.940185546875,361.8999938964844,370.8500061035156,344.25,344.3999938964844,170611
308,2024-07-25,363.8324890136719,364.79998779296875,373.45001220703125,359.6000061035156,360.0,126507
309,2024-07-26,364.87969970703125,365.8500061035156,374.6000061035156,364.79998779296875,364.79998779296875,96829
310,2024-07-29,368.37042236328125,369.3500061035156,377.0,367.5,368.45001220703125,86212
311,2024-07-30,381.7348937988281,382.75,397.75,367.04998779296875,369.3500061035156,485629
312,2024-07-31,380.0892639160156,381.1000061035156,393.0,379.0,384.95001220703125,179041
313,2024-08-01,376.04998779296875,377.04998779296875,386.0,375.0,382.70001220703125,88148
314,2024-08-02,378.1000061035156,378.1000061035156,388.0,368.20001220703125,371.1000061035156,105098
315,2024-08-05,365.20001220703125,365.20001220703125,373.04998779296875,361.0,366.0,109178
316,2024-08-06,360.04998779296875,360.04998779296875,375.20001220703125,358.0,369.95001220703125,62106
317,2024-08-07,366.25,366.25,367.6499938964844,360.04998779296875,364.95001220703125,30504
318,2024-08-08,360.6000061035156,360.6000061035156,367.0,360.0,366.5,32546
319,2024-08-09,359.79998779296875,359.79998779296875,364.8999938964844,356.1000061035156,364.8999938964844,34054
320,2024-08-12,355.79998779296875,355.79998779296875,359.79998779296875,350.0,359.79998779296875,69417
321,2024-08-13,348.25,348.25,359.95001220703125,346.5,355.0,36019
322,2024-08-14,343.25,343.25,349.45001220703125,340.54998779296875,349.45001220703125,21205
323,2024-08-16,345.70001220703125,345.70001220703125,348.6499938964844,343.29998779296875,343.29998779296875,22256
324,2024-08-19,354.25,354.25,359.5,346.20001220703125,347.79998779296875,52169
325,2024-08-20,357.1000061035156,357.1000061035156,358.54998779296875,350.45001220703125,354.25,28066
326,2024-08-21,359.3500061035156,359.3500061035156,362.8999938964844,354.20001220703125,354.20001220703125,30929
327,2024-08-22,421.79998779296875,421.79998779296875,431.20001220703125,358.45001220703125,361.29998779296875,3309383
328,2024-08-23,445.8999938964844,445.8999938964844,459.0,408.04998779296875,423.3999938964844,2862011
329,2024-08-26,455.1000061035156,455.1000061035156,478.45001220703125,444.0,448.1000061035156,1631061
330,2024-08-27,461.5,461.5,470.0,435.6000061035156,450.0,698130
331,2024-08-28,472.70001220703125,472.70001220703125,490.0,456.0,460.0,919107
332,2024-08-29,479.45001220703125,479.45001220703125,484.0,457.0,471.6000061035156,413845
333,2024-08-30,468.6499938964844,468.6499938964844,482.0,465.0,479.0,155646
334,2024-09-02,445.8999938964844,445.8999938964844,459.8999938964844,445.25,459.8999938964844,55293
335,2024-09-03,441.6000061035156,441.6000061035156,452.95001220703125,431.0,445.45001220703125,32281
336,2024-09-04,439.45001220703125,439.45001220703125,450.0,419.54998779296875,433.54998779296875,42569
337,2024-09-05,429.04998779296875,429.04998779296875,446.0,425.1000061035156,444.0,31733
338,2024-09-06,415.8999938964844,415.8999938964844,437.95001220703125,410.0,429.04998779296875,35246
339,2024-09-09,430.79998779296875,430.79998779296875,435.0,400.0,415.70001220703125,52230
340,2024-09-10,422.8500061035156,422.8500061035156,442.0,421.25,432.45001220703125,25962
341,2024-09-11,403.70001220703125,403.70001220703125,430.0,401.70001220703125,422.8500061035156,34147
342,2024-09-12,409.75,409.75,413.5,400.0,403.75,17528
343,2024-09-13,405.6499938964844,405.6499938964844,411.79998779296875,389.29998779296875,405.0,19269
344,2024-09-16,410.6000061035156,410.6000061035156,416.0,404.0,404.0,15286
345,2024-09-17,414.04998779296875,414.04998779296875,416.0,400.0,412.0,14119
346,2024-09-18,403.70001220703125,403.70001220703125,419.95001220703125,399.8999938964844,417.70001220703125,17564
347,2024-09-19,394.70001220703125,394.70001220703125,410.0,383.79998779296875,401.0,21770
348,2024-09-20,392.8500061035156,392.8500061035156,394.70001220703125,382.8999938964844,392.79998779296875,17090
349,2024-09-23,412.45001220703125,412.45001220703125,412.45001220703125,393.04998779296875,393.04998779296875,19692
350,2024-09-24,418.0,418.0,433.04998779296875,407.0,420.0,82472
351,2024-09-25,427.54998779296875,427.54998779296875,433.5,418.0,418.0,37464
352,2024-09-26,413.8999938964844,413.8999938964844,435.0,410.04998779296875,427.29998779296875,24774
353,2024-09-27,408.54998779296875,408.54998779296875,418.0,407.8999938964844,413.6499938964844,13008
354,2024-09-30,404.6499938964844,404.6499938964844,420.0,400.5,408.0,10982
355,2024-10-01,407.8500061035156,407.8500061035156,413.8999938964844,402.0,402.0,9805
356,2024-10-03,408.75,408.75,409.8999938964844,392.0,392.0,17083
357,2024-10-04,395.6499938964844,395.6499938964844,410.8999938964844,394.25,406.8999938964844,33357
358,2024-10-07,382.8500061035156,382.8500061035156,403.0,375.8999938964844,395.6499938964844,25240
359,2024-10-08,392.29998779296875,392.29998779296875,400.0,366.0,366.25,11588
360,2024-10-09,390.04998779296875,390.04998779296875,397.45001220703125,382.29998779296875,392.20001220703125,4557
361,2024-10-10,392.8500061035156,392.8500061035156,398.70001220703125,385.0,390.0,7364
362,2024-10-11,405.75,405.75,410.0,388.1499938964844,388.1499938964844,15884
363,2024-10-14,412.95001220703125,412.95001220703125,418.0,407.04998779296875,413.70001220703125,13474
364,2024-10-15,409.6499938964844,409.6499938964844,417.0,407.5,407.5,11662
365,2024-10-16,415.6499938964844,415.6499938964844,417.29998779296875,409.0,409.0,9878
366,2024-10-17,403.04998779296875,403.04998779296875,419.3999938964844,395.79998779296875,416.0,16156
367,2024-10-18,387.6499938964844,387.6499938964844,405.0,385.0,402.8999938964844,18170
368,2024-10-21,384.75,384.75,394.0,380.04998779296875,387.70001220703125,4852
369,2024-10-22,365.54998779296875,365.54998779296875,385.45001220703125,365.54998779296875,385.45001220703125,9632
370,2024-10-23,359.0,359.0,370.0,353.0,370.0,12840
371,2024-10-24,359.54998779296875,359.54998779296875,370.0,355.1000061035156,364.0,10518
372,2024-10-25,347.79998779296875,347.79998779296875,360.0,342.1000061035156,359.0,12430
373,2024-10-28,346.6499938964844,346.6499938964844,357.6499938964844,335.0,345.20001220703125,12342
374,2024-10-29,349.75,349.75,354.8999938964844,338.0,346.0,3902
375,2024-10-30,353.6000061035156,353.6000061035156,358.95001220703125,342.0,342.0,7102
376,2024-10-31,356.25,356.25,360.8999938964844,345.1499938964844,353.0,4206
377,2024-11-01,364.0,364.0,370.0,357.0,357.0,5473
378,2024-11-04,370.1499938964844,370.1499938964844,375.0,354.04998779296875,364.0,9362
379,2024-11-05,388.6499938964844,388.6499938964844,388.6499938964844,365.6000061035156,370.1499938964844,11902
380,2024-11-06,408.04998779296875,408.04998779296875,408.04998779296875,395.95001220703125,396.0,15131
381,2024-11-07,391.1499938964844,391.1499938964844,428.45001220703125,388.0,419.5,43978
382,2024-11-08,383.45001220703125,383.45001220703125,389.79998779296875,383.45001220703125,383.45001220703125,4857
383,2024-11-11,375.79998779296875,375.79998779296875,375.79998779296875,375.79998779296875,375.79998779296875,2584
384,2024-11-12,368.29998779296875,368.29998779296875,368.29998779296875,368.29998779296875,368.29998779296875,2166
385,2024-11-13,360.95001220703125,360.95001220703125,360.95001220703125,360.95001220703125,360.95001220703125,2367
386,2024-11-14,353.75,353.75,353.75,353.75,353.75,1809
387,2024-11-18,346.70001220703125,346.70001220703125,346.70001220703125,346.70001220703125,346.70001220703125,4011
388,2024-11-19,339.79998779296875,339.79998779296875,343.0,339.79998779296875,339.79998779296875,21568
389,2024-11-21,333.0,333.0,333.0,333.0,333.0,2886
390,2024-11-22,328.5,328.5,330.1499938964844,327.0,328.5,5845
391,2024-11-25,323.0,323.0,328.5,322.25,323.0,7929
392,2024-11-26,323.45001220703125,323.45001220703125,323.45001220703125,320.0,323.45001220703125,7737
393,2024-11-27,329.8999938964844,329.8999938964844,329.8999938964844,323.45001220703125,329.8999938964844,10588
394,2024-11-28,336.45001220703125,336.45001220703125,336.45001220703125,334.8999938964844,336.45001220703125,7099
395,2024-11-29,343.1499938964844,343.1499938964844,343.1499938964844,342.8999938964844,343.1499938964844,4862
396,2024-12-02,350.0,350.0,350.0,350.0,350.0,8233
397,2024-12-03,344.79998779296875,344.79998779296875,349.6499938964844,344.79998779296875,344.79998779296875,4550
398,2024-12-04,344.79998779296875,344.79998779296875,345.0,344.0,344.79998779296875,3294
399,2024-12-05,351.6499938964844,351.6499938964844,351.6499938964844,345.1000061035156,351.6499938964844,7654
400,2024-12-06,358.6499938964844,358.6499938964844,358.6499938964844,358.6499938964844,358.6499938964844,4562
401,2024-12-09,365.79998779296875,365.79998779296875,365.79998779296875,365.79998779296875,365.79998779296875,4512
402,2024-12-10,366.1499938964844,366.1499938964844,372.79998779296875,366.1000061035156,366.1499938964844,8161
403,2024-12-11,366.5,366.5,366.5,366.25,366.5,2135
404,2024-12-12,366.0,366.0,366.6499938964844,366.0,366.0,1837
405,2024-12-13,372.0,372.0,372.0,364.8999938964844,372.0,3757
406,2024-12-16,377.29998779296875,377.29998779296875,384.70001220703125,362.70001220703125,384.0,14921
407,2024-12-17,366.70001220703125,366.70001220703125,377.0,361.20001220703125,361.20001220703125,9276
408,2024-12-18,379.45001220703125,379.45001220703125,382.0,356.29998779296875,366.5,22462
409,2024-12-19,386.1000061035156,386.1000061035156,390.0,370.0,377.0,16371
410,2024-12-20,404.70001220703125,404.70001220703125,405.3999938964844,385.1000061035156,385.1000061035156,48940
411,2024-12-23,391.45001220703125,391.45001220703125,418.0,389.25,409.0,43373
412,2024-12-24,389.8999938964844,389.8999938964844,398.95001220703125,385.5,398.95001220703125,9052
413,2024-12-26,385.3500061035156,385.3500061035156,389.70001220703125,375.20001220703125,389.70001220703125,15941
414,2024-12-27,402.54998779296875,402.54998779296875,404.6000061035156,380.5,381.0,17280
415,2024-12-30,410.8999938964844,410.8999938964844,444.0,408.0,419.95001220703125,135782
416,2024-12-31,437.70001220703125,437.70001220703125,469.6499938964844,404.20001220703125,409.45001220703125,396943
417,2025-01-01,440.75,440.75,467.0,432.1499938964844,435.8999938964844,156535
418,2025-01-02,425.79998779296875,425.79998779296875,442.8500061035156,421.0,439.70001220703125,70935
419,2025-01-03,422.8999938964844,422.8999938964844,430.45001220703125,421.0,428.04998779296875,21463
420,2025-01-06,396.6000061035156,396.6000061035156,422.70001220703125,392.20001220703125,418.0,41786
421,2025-01-07,397.6499938964844,397.6499938964844,409.75,391.04998779296875,396.6000061035156,31442
422,2025-01-08,383.6000061035156,383.6000061035156,401.95001220703125,380.25,399.95001220703125,36294
423,2025-01-09,389.1499938964844,389.1499938964844,429.79998779296875,381.54998779296875,387.45001220703125,215727
424,2025-01-10,378.3999938964844,378.3999938964844,397.6499938964844,372.0,391.0,43868
425,2025-01-13,356.95001220703125,356.95001220703125,382.6499938964844,353.6499938964844,375.1499938964844,28842
426,2025-01-14,366.0,366.0,373.0,355.0,355.0,32227
427,2025-01-15,365.1499938964844,365.1499938964844,376.75,362.04998779296875,372.0,12945
428,2025-01-16,370.1000061035156,370.1000061035156,381.45001220703125,367.1000061035156,372.0,19536
429,2025-01-17,374.70001220703125,374.70001220703125,380.0,370.8999938964844,375.0,16542
430,2025-01-20,409.0,409.0,414.29998779296875,373.0,373.0,124327
431,2025-01-21,413.29998779296875,413.29998779296875,420.6499938964844,402.1000061035156,412.5,71418
432,2025-01-22,406.8999938964844,406.8999938964844,409.8999938964844,397.0,408.0,24249
433,2025-01-23,400.70001220703125,400.70001220703125,414.3999938964844,395.0,407.0,22472
434,2025-01-24,387.6499938964844,387.6499938964844,404.75,386.1000061035156,399.0,11649
435,2025-01-27,367.70001220703125,367.70001220703125,392.04998779296875,364.1499938964844,391.75,18470
436,2025-01-28,341.29998779296875,341.29998779296875,374.6000061035156,338.95001220703125,370.8500061035156,68832
437,2025-01-29,349.29998779296875,349.29998779296875,355.95001220703125,342.5,342.5,23418
438,2025-01-30,356.75,356.75,372.6499938964844,351.95001220703125,354.79998779296875,38314
439,2025-01-31,379.79998779296875,379.79998779296875,386.45001220703125,354.04998779296875,354.1000061035156,36524
440,2025-02-01,370.04998779296875,370.04998779296875,389.0,366.0,376.8500061035156,28169
441,2025-02-03,362.6499938964844,362.6499938964844,370.0,361.0,370.0,8777
442,2025-02-04,365.29998779296875,365.29998779296875,370.0,362.6000061035156,370.0,9309
443,2025-02-05,366.79998779296875,366.79998779296875,379.04998779296875,365.75,365.75,13349
444,2025-02-06,371.75,371.75,379.0,366.75,366.79998779296875,11172
445,2025-02-07,368.25,368.25,374.0,365.0,370.0,6071
446,2025-02-10,367.25,367.25,373.20001220703125,363.0,370.1000061035156,14512
447,2025-02-11,344.25,344.25,369.8999938964844,341.54998779296875,369.8999938964844,18029
448,2025-02-12,349.8999938964844,349.8999938964844,367.0,332.8500061035156,352.8500061035156,20697
449,2025-02-13,348.25,348.25,364.0,341.0,349.8999938964844,13418
450,2025-02-14,339.75,339.75,354.8500061035156,320.0,350.0,53314
451,2025-02-17,338.04998779296875,338.04998779296875,352.29998779296875,325.0,341.95001220703125,25175
452,2025-02-18,324.1499938964844,324.1499938964844,339.04998779296875,321.0,339.04998779296875,32507
453,2025-02-19,331.6499938964844,331.6499938964844,336.20001220703125,321.0,322.0,9196
454,2025-02-20,330.45001220703125,330.45001220703125,338.5,326.8999938964844,333.25,15086
455,2025-02-21,328.20001220703125,328.20001220703125,337.5,326.0,331.3999938964844,11925
456,2025-02-24,321.70001220703125,321.70001220703125,335.6499938964844,317.5,332.0,24891
457,2025-02-25,316.70001220703125,316.70001220703125,324.6499938964844,315.0,321.8999938964844,8999
458,2025-02-27,306.45001220703125,306.45001220703125,321.70001220703125,299.54998779296875,320.0,19992
459,2025-02-28,294.0,294.0,322.0,292.04998779296875,322.0,25501
460,2025-03-03,274.3500061035156,274.3500061035156,304.95001220703125,271.45001220703125,304.95001220703125,40845
461,2025-03-04,279.95001220703125,279.95001220703125,287.0,274.3500061035156,280.75,51134
462,2025-03-05,290.1000061035156,290.1000061035156,293.20001220703125,282.8500061035156,282.8500061035156,18163
463,2025-03-06,309.25,309.25,329.70001220703125,291.0,291.0,94470
464,2025-03-07,313.20001220703125,313.20001220703125,325.3500061035156,308.79998779296875,319.70001220703125,82462
465,2025-03-10,301.5,301.5,314.5,299.3500061035156,314.20001220703125,150083
466,2025-03-11,298.8999938964844,298.8999938964844,306.1499938964844,295.70001220703125,300.0,65017
467,2025-03-12,295.3999938964844,295.3999938964844,298.0,289.95001220703125,298.0,14582
468,2025-03-13,290.45001220703125,290.45001220703125,299.3999938964844,288.04998779296875,296.45001220703125,6823
469,2025-03-17,277.3500061035156,277.3500061035156,296.70001220703125,274.0,291.20001220703125,81181
470,2025-03-18,277.3500061035156,277.3500061035156,277.3500061035156,277.3500061035156,277.3500061035156,0
471,2025-03-19,327.45001220703125,327.45001220703125,345.29998779296875,307.54998779296875,313.29998779296875,185443
472,2025-03-20,346.75,346.75,351.54998779296875,330.29998779296875,332.3500061035156,171212
473,2025-03-21,338.95001220703125,338.95001220703125,347.0,337.0,346.0,88276
474,2025-03-24,337.70001220703125,337.70001220703125,343.45001220703125,333.0,340.0,41431
475,2025-03-25,332.8999938964844,332.8999938964844,339.54998779296875,330.0,339.54998779296875,21781
476,2025-03-26,320.75,320.75,334.0,318.0,330.0,36423
477,2025-03-27,320.6499938964844,320.6499938964844,326.6499938964844,316.3500061035156,324.0,31997
478,2025-03-28,321.25,321.25,332.0,317.3999938964844,325.0,16724
479,2025-04-01,333.95001220703125,333.95001220703125,337.0,320.04998779296875,321.04998779296875,36804
480,2025-04-02,332.1000061035156,332.1000061035156,343.95001220703125,326.0,334.95001220703125,39054
481,2025-04-03,334.1000061035156,334.1000061035156,341.95001220703125,329.95001220703125,332.1000061035156,22614
482,2025-04-04,322.3500061035156,322.3500061035156,335.75,316.25,333.75,43883
483,2025-04-07,314.6499938964844,314.6499938964844,322.1499938964844,297.79998779296875,303.0,44630
484,2025-04-08,318.8999938964844,318.8999938964844,321.70001220703125,310.0,311.6499938964844,26872
485,2025-04-09,317.29998779296875,317.29998779296875,320.04998779296875,311.20001220703125,313.29998779296875,11416
486,2025-04-11,325.25,325.25,333.95001220703125,320.20001220703125,320.20001220703125,25919
487,2025-04-15,336.3500061035156,336.3500061035156,342.70001220703125,329.0,329.0,33865
488,2025-04-16,339.29998779296875,339.29998779296875,348.0,335.54998779296875,336.3500061035156,53727
489,2025-04-17,339.04998779296875,339.04998779296875,342.0,335.3500061035156,339.3500061035156,30552
490,2025-04-21,346.8500061035156,346.8500061035156,354.0,337.8999938964844,344.0,68085
491,2025-04-22,349.25,349.25,352.0,342.5,346.8999938964844,20190
492,2025-04-23,416.8500061035156,416.8500061035156,419.1000061035156,351.25,351.25,1314372
493,2025-04-24,402.3999938964844,402.3999938964844,416.79998779296875,400.20001220703125,412.0,253207
494,2025-04-25,390.95001220703125,390.95001220703125,408.95001220703125,380.3500061035156,407.95001220703125,100234
495,2025-04-28,393.5,393.5,405.0,386.8500061035156,390.95001220703125,83795
496,2025-04-29,397.6499938964844,397.6499938964844,404.79998779296875,390.54998779296875,396.29998779296875,52673
497,2025-04-30,389.54998779296875,389.54998779296875,397.0,387.25,397.0,26265
498,2025-05-02,393.20001220703125,393.20001220703125,402.0,386.79998779296875,390.3999938964844,33703
499,2025-05-05,401.29998779296875,401.29998779296875,434.95001220703125,391.0,400.0,294581
500,2025-05-06,393.6000061035156,393.6000061035156,414.6499938964844,391.25,403.29998779296875,46629
501,2025-05-07,395.25,395.25,404.5,381.70001220703125,385.8999938964844,46988
502,2025-05-08,388.45001220703125,388.45001220703125,411.0,381.5,398.25,57664
503,2025-05-09,394.25,394.25,397.5,380.25,388.45001220703125,43868
504,2025-05-12,413.3500061035156,413.3500061035156,420.25,403.04998779296875,410.0,75624
505,2025-05-13,411.3500061035156,411.3500061035156,418.8999938964844,410.0,418.8999938964844,34169
506,2025-05-14,415.0,415.0,432.1000061035156,412.0,412.3500061035156,79960
507,2025-05-15,417.29998779296875,417.29998779296875,424.0,413.0,418.70001220703125,38280
508,2025-05-16,417.04998779296875,417.04998779296875,428.3999938964844,414.0,419.25,58855
509,2025-05-19,404.70001220703125,404.70001220703125,416.54998779296875,402.20001220703125,414.95001220703125,64930
510,2025-05-20,398.6499938964844,398.6499938964844,407.95001220703125,396.8500061035156,406.8999938964844,52949
511,2025-05-21,396.45001220703125,396.45001220703125,409.0,393.5,396.20001220703125,55429
512,2025-05-22,398.45001220703125,398.45001220703125,404.5,391.25,393.5,46695
513,2025-05-23,396.04998779296875,396.04998779296875,400.5,394.0,399.3999938964844,20613
514,2025-05-26,399.75,399.75,405.8999938964844,395.0,396.0,32323
515,2025-05-27,403.29998779296875,403.29998779296875,411.75,397.45001220703125,397.45001220703125,42749
516,2025-05-28,404.79998779296875,404.79998779296875,414.20001220703125,399.3999938964844,402.95001220703125,38542
517,2025-05-29,401.45001220703125,401.45001220703125,407.04998779296875,400.0,405.79998779296875,12524
518,2025-05-30,400.8999938964844,400.8999938964844,408.0,395.0,401.45001220703125,46144
519,2025-06-02,402.29998779296875,402.29998779296875,405.0,397.70001220703125,400.3999938964844,15851
520,2025-06-03,400.20001220703125,400.20001220703125,407.8999938964844,398.0,406.0,13374
521,2025-06-04,400.20001220703125,400.20001220703125,403.95001220703125,395.8999938964844,403.3999938964844,19524
522,2025-06-05,394.54998779296875,394.54998779296875,408.0,391.79998779296875,400.20001220703125,32906
523,2025-06-06,471.79998779296875,471.79998779296875,473.45001220703125,393.5,396.0,1305431
524,2025-06-09,527.0,527.0,555.0,471.20001220703125,478.0,4342778
525,2025-06-10,499.70001220703125,499.70001220703125,525.0,497.04998779296875,520.0,243977
526,2025-06-11,474.75,474.75,490.1000061035156,474.75,482.20001220703125,42223
527,2025-06-12,453.3500061035156,453.3500061035156,469.0,451.04998779296875,452.0,45239
528,2025-06-13,442.79998779296875,442.79998779296875,456.79998779296875,433.54998779296875,442.5,37183
529,2025-06-16,446.79998779296875,446.79998779296875,449.3999938964844,432.1000061035156,439.20001220703125,28646
530,2025-06-17,427.95001220703125,427.95001220703125,449.5,424.5,446.79998779296875,41566
531,2025-06-18,417.70001220703125,417.70001220703125,432.8999938964844,412.0,421.25,19767
532,2025-06-19,415.8500061035156,415.8500061035156,429.0,412.0,417.70001220703125,14909
533,2025-06-20,413.8999938964844,413.8999938964844,424.0,405.0,424.0,18222
534,2025-06-23,419.45001220703125,419.45001220703125,421.0,405.0,405.0,5548
535,2025-06-24,422.8500061035156,422.8500061035156,432.79998779296875,412.1000061035156,419.45001220703125,15727
536,2025-06-25,427.45001220703125,427.45001220703125,434.29998779296875,416.0,428.95001220703125,11891
537,2025-06-26,421.79998779296875,421.79998779296875,435.0,416.5,429.0,9581
538,2025-06-27,424.1499938964844,424.1499938964844,428.0,417.54998779296875,427.20001220703125,7586
539,2025-06-30,421.79998779296875,421.79998779296875,429.0,417.0,417.0,8064
540,2025-07-01,429.0,429.0,432.0,420.0,421.79998779296875,8685
541,2025-07-02,433.8500061035156,433.8500061035156,437.79998779296875,429.0,429.5,12822
542,2025-07-03,434.6000061035156,434.6000061035156,437.6000061035156,425.0,428.0,9144
543,2025-07-04,439.75,439.75,442.0,428.0,428.0,19531
544,2025-07-07,433.3500061035156,433.3500061035156,444.0,430.0,430.0,3227
545,2025-07-08,425.1499938964844,425.1499938964844,437.29998779296875,412.04998779296875,433.0,13442
546,2025-07-09,428.79998779296875,428.79998779296875,435.0,419.5,419.8500061035156,6061
547,2025-07-10,433.1000061035156,433.1000061035156,437.0,428.0,435.75,8511
548,2025-07-11,427.70001220703125,427.70001220703125,434.79998779296875,422.0,433.1000061035156,5408
549,2025-07-14,423.6499938964844,423.6499938964844,427.70001220703125,417.0,427.70001220703125,7090
550,2025-07-15,425.79998779296875,425.79998779296875,433.0,420.04998779296875,424.0,3803
551,2025-07-16,421.25,421.25,431.0,419.5,429.8999938964844,10062
552,2025-07-17,425.1499938964844,425.1499938964844,427.8999938964844,420.04998779296875,420.04998779296875,2758
553,2025-07-18,417.8500061035156,417.8500061035156,426.0,415.0,426.0,10972
554,2025-07-21,412.04998779296875,412.04998779296875,422.0,408.0,420.0,14366
555,2025-07-22,414.25,414.25,417.3999938964844,411.0,412.1499938964844,10738
556,2025-07-23,416.79998779296875,416.79998779296875,418.8999938964844,409.20001220703125,415.6000061035156,10013
557,2025-07-24,421.70001220703125,421.70001220703125,426.0,411.25,411.25,5650
558,2025-07-25,414.8500061035156,414.8500061035156,425.5,410.0,417.0,8083
559,2025-07-28,412.04998779296875,412.04998779296875,419.70001220703125,407.0,411.1000061035156,4938
560,2025-07-29,406.54998779296875,406.54998779296875,416.0,400.79998779296875,416.0,5805
561,2025-07-30,408.5,408.5,414.0,405.0,405.0,4732
562,2025-07-31,406.95001220703125,406.95001220703125,411.5,402.0,408.0,2840
563,2025-08-01,419.8500061035156,419.8500061035156,422.0,403.1000061035156,409.0,24392
564,2025-08-04,407.54998779296875,407.54998779296875,424.79998779296875,404.0,424.79998779296875,3180
565,2025-08-05,406.70001220703125,406.70001220703125,413.0,405.0,407.54998779296875,3589
566,2025-08-06,400.0,400.0,414.0,390.0,414.0,7756
567,2025-08-07,419.29998779296875,419.29998779296875,420.0,395.0,395.0,22673
568,2025-08-08,409.29998779296875,409.29998779296875,419.70001220703125,407.1499938964844,418.8999938964844,7383
569,2025-08-11,399.45001220703125,399.45001220703125,413.0,396.0,407.0,8018
570,2025-08-12,416.54998779296875,416.54998779296875,418.0,398.0,403.8999938964844,14186
571,2025-08-13,413.3500061035156,413.3500061035156,420.0,408.0,420.0,3903
572,2025-08-14,397.3500061035156,397.3500061035156,410.0,392.70001220703125,410.0,24219
573,2025-08-18,396.3500061035156,396.3500061035156,410.0,393.0,397.3500061035156,7942
574,2025-08-19,397.8500061035156,397.8500061035156,399.0,388.3500061035156,398.1000061035156,6629
575,2025-08-20,399.0,399.0,405.0,394.04998779296875,404.0,4614
576,2025-08-21,399.75,399.75,404.8999938964844,396.0,399.0,10405
577,2025-08-22,417.3999938964844,417.3999938964844,419.70001220703125,395.0,399.75,33956
578,2025-08-25,415.45001220703125,415.45001220703125,436.5,411.3500061035156,419.95001220703125,11564
579,2025-08-26,402.79998779296875,402.79998779296875,422.0,401.0,422.0,4322
580,2025-08-28,401.1499938964844,401.1499938964844,409.8999938964844,395.8999938964844,401.0,3664
581,2025-08-29,398.25,398.25,405.0,395.8999938964844,400.0,1863
582,2025-09-01,397.29998779296875,397.29998779296875,406.0,393.1000061035156,398.0,4465
583,2025-09-02,409.95001220703125,409.95001220703125,416.0,396.0,398.8500061035156,13436
584,2025-09-03,408.20001220703125,408.20001220703125,414.04998779296875,401.75,414.04998779296875,9636
585,2025-09-04,411.1000061035156,411.1000061035156,418.0,406.0,410.0,9403
586,2025-09-05,403.3999938964844,403.3999938964844,418.8999938964844,401.0,418.8999938964844,6947
587,2025-09-08,401.25,401.25,414.45001220703125,400.1000061035156,404.0,7747
588,2025-09-09,403.25,403.25,405.75,400.0,405.75,6438
589,2025-09-10,406.8999938964844,406.8999938964844,416.0,403.1000061035156,403.6000061035156,11543
590,2025-09-11,414.8500061035156,414.8500061035156,416.5,407.3999938964844,410.0,12415
591,2025-09-12,425.95001220703125,425.95001220703125,430.0,408.25,415.0,20220
592,2025-09-15,451.29998779296875,451.29998779296875,482.0,432.20001220703125,440.0,282203
593,2025-09-16,439.20001220703125,439.20001220703125,455.25,434.1499938964844,455.25,27783
594,2025-09-17,423.6000061035156,423.6000061035156,449.3500061035156,420.1000061035156,440.1000061035156,46234
595,2025-09-18,508.29998779296875,508.29998779296875,508.29998779296875,420.0,423.8999938964844,915261
596,2025-09-19,489.54998779296875,489.54998779296875,526.9500122070312,482.0,526.9500122070312,516120
597,2025-09-22,472.6000061035156,472.6000061035156,493.45001220703125,471.3999938964844,487.45001220703125,64683
598,2025-09-23,520.7000122070312,520.7000122070312,567.0999755859375,476.95001220703125,478.0,1698483
599,2025-09-24,519.8499755859375,519.8499755859375,532.7999877929688,507.0,516.0,315495
600,2025-09-25,623.5999755859375,623.5999755859375,623.7999877929688,518.6500244140625,524.9000244140625,2789839
601,2025-09-26,622.7000122070312,622.7000122070312,671.6500244140625,595.0,625.0,1659651
602,2025-09-29,635.3499755859375,635.3499755859375,680.0,611.4000244140625,627.0,997695
603,2025-09-30,629.0,629.0,650.0,620.0999755859375,634.1500244140625,215793
604,2025-10-01,626.2000122070312,626.2000122070312,643.2999877929688,617.0499877929688,628.2000122070312,163207
605,2025-10-03,639.3499755859375,639.3499755859375,680.0,621.4000244140625,623.0,514017
606,2025-10-06,654.0499877929688,654.0499877929688,661.5999755859375,622.7000122070312,642.0999755859375,349572
607,2025-10-07,670.7000122070312,670.7000122070312,691.9000244140625,654.1500244140625,654.1500244140625,717687
608,2025-10-08,645.9500122070312,645.9500122070312,672.9500122070312,639.0499877929688,666.7000122070312,176745
609,2025-10-09,610.25,610.25,644.9000244140625,607.0499877929688,644.9000244140625,153411
610,2025-10-10,619.2000122070312,619.2000122070312,644.6500244140625,615.0999755859375,621.5,164536
611,2025-10-13,598.8499755859375,598.8499755859375,625.5499877929688,586.25,611.1500244140625,172702
612,2025-10-14,581.0499877929688,581.0499877929688,610.75,569.5,602.0499877929688,167547
613,2025-10-15,585.5999755859375,585.5999755859375,627.3499755859375,579.5999755859375,590.0,302729
614,2025-10-16,592.0,592.0,607.7999877929688,585.0999755859375,589.9500122070312,110649
615,2025-10-17,575.5999755859375,575.5999755859375,597.7000122070312,573.0,597.7000122070312,65084
616,2025-10-20,580.2000122070312,580.2000122070312,598.7000122070312,562.5499877929688,585.0,103940
617,2025-10-21,582.1500244140625,582.1500244140625,589.25,575.0999755859375,578.0,19450
618,2025-10-23,617.9500122070312,617.9500122070312,628.5,583.4500122070312,596.0,333877
619,2025-10-24,616.1500244140625,616.1500244140625,628.0,602.3499755859375,617.0,126836
620,2025-10-27,667.2999877929688,667.2999877929688,739.3499755859375,618.4000244140625,624.0,1037009
621,2025-10-28,646.4500122070312,646.4500122070312,666.7999877929688,638.4000244140625,658.0,236271
622,2025-10-29,610.1500244140625,610.1500244140625,643.25,606.5999755859375,637.2999877929688,230577
623,2025-10-30,594.5499877929688,594.5499877929688,619.5,590.0999755859375,613.9500122070312,182109
624,2025-10-31,612.9000244140625,612.9000244140625,618.9000244140625,590.0499877929688,590.0499877929688,221941
625,2025-11-03,605.7000122070312,605.7000122070312,616.0999755859375,600.9000244140625,614.5,67350
626,2025-11-04,626.3499755859375,626.3499755859375,640.0,601.0,604.0,390877
627,2025-11-06,605.5999755859375,605.5999755859375,624.7999877929688,601.5,624.7000122070312,107380
628,2025-11-07,597.4500122070312,597.4500122070312,615.0,586.6500244140625,605.5999755859375,144008
629,2025-11-10,577.2000122070312,577.2000122070312,606.9500122070312,571.25,602.25,130098
630,2025-11-11,585.25,585.25,599.75,570.5,577.2999877929688,118510
631,2025-11-12,592.2000122070312,592.2000122070312,615.0,590.0,599.7999877929688,206291
632,2025-11-13,662.9500122070312,662.9500122070312,697.0,595.1500244140625,598.4500122070312,4651084
633,2025-11-14,662.9500122070312,662.9500122070312,701.6500244140625,653.4500122070312,672.9000244140625,1058832
634,2025-11-17,642.0,642.0,660.5499877929688,623.4500122070312,660.5499877929688,474099
635,2025-11-18,636.0,636.0,652.3499755859375,630.0,644.7000122070312,346135
636,2025-11-19,624.0,624.0,663.9500122070312,615.5499877929688,636.0,383317
637,2025-11-20,601.0,601.0,625.9000244140625,596.2999877929688,621.7999877929688,215789
638,2025-11-21,576.2000122070312,576.2000122070312,606.0499877929688,573.4000244140625,602.0,211580
639,2025-11-24,555.3499755859375,555.3499755859375,581.0,550.8499755859375,576.0,116825
640,2025-11-25,551.3499755859375,551.3499755859375,568.9500122070312,542.5,556.0999755859375,212484
641,2025-11-26,564.0499877929688,564.0499877929688,569.5499877929688,552.0499877929688,556.8499755859375,149620
642,2025-11-27,559.75,559.75,575.9000244140625,556.2000122070312,567.7000122070312,122887
643,2025-11-28,548.0499877929688,548.0499877929688,561.4000244140625,545.1500244140625,560.2999877929688,103220
644,2025-12-01,542.75,542.75,564.8499755859375,537.0,552.0,108549
645,2025-12-02,534.0999755859375,534.0999755859375,550.7999877929688,529.0999755859375,539.2999877929688,84835
646,2025-12-03,525.25,525.25,542.0,521.2999877929688,534.3499755859375,99621
647,2025-12-04,499.8999938964844,499.8999938964844,530.6500244140625,496.5,530.0,91097
648,2025-12-05,474.8999938964844,474.8999938964844,499.8999938964844,474.8999938964844,499.8999938964844,37180
649,2025-12-08,451.1499938964844,451.1499938964844,470.1499938964844,451.1499938964844,462.04998779296875,26149
650,2025-12-09,443.5,443.5,453.0,431.25,445.0,45022
651,2025-12-10,425.70001220703125,425.70001220703125,444.0,423.25,443.5,21736
652,2025-12-11,431.6499938964844,431.6499938964844,432.8999938964844,412.20001220703125,425.25,23976
653,2025-12-12,453.20001220703125,453.20001220703125,453.20001220703125,431.6499938964844,432.04998779296875,24103
654,2025-12-15,475.8500061035156,475.8500061035156,475.8500061035156,453.5,457.79998779296875,24713
655,2025-12-16,499.6000061035156,499.6000061035156,499.6000061035156,484.0,484.0,45760
656,2025-12-17,508.6499938964844,508.6499938964844,524.0,480.0,502.70001220703125,51389
657,2025-12-18,483.25,483.25,508.6499938964844,483.25,508.6499938964844,20479
658,2025-12-19,473.6000061035156,473.6000061035156,473.6000061035156,473.6000061035156,473.6000061035156,2617
659,2025-12-22,464.1499938964844,464.1499938964844,470.0,464.1499938964844,464.1499938964844,5518
660,2025-12-23,454.8999938964844,454.8999938964844,454.8999938964844,454.8999938964844,454.8999938964844,4363
661,2025-12-24,445.8500061035156,445.8500061035156,446.0,445.8500061035156,445.8500061035156,13529
662,2025-12-26,436.95001220703125,436.95001220703125,437.5,436.95001220703125,436.95001220703125,9625
663,2025-12-29,428.25,428.25,430.5,428.25,428.25,5441
664,2025-12-30,420.1000061035156,420.1000061035156,425.0,420.1000061035156,420.1000061035156,2776
665,2025-12-31,428.5,428.5,428.5,417.0,428.5,12100
666,2026-01-01,437.04998779296875,437.04998779296875,437.04998779296875,437.04998779296875,437.04998779296875,2500
667,2026-01-02,445.75,445.75,445.75,445.75,445.75,4767
668,2026-01-05,440.0,440.0,445.70001220703125,437.0,440.0,4924
669,2026-01-06,432.0,432.0,435.0,432.0,432.0,10578
670,2026-01-07,435.8999938964844,435.8999938964844,435.8999938964844,430.5,435.8999938964844,4956
671,2026-01-08,430.0,430.0,435.8999938964844,429.5,430.0,9386
672,2026-01-09,430.0,430.0,430.0,427.8500061035156,430.0,11079
673,2026-01-12,425.0,425.0,425.0,421.3999938964844,425.0,2857
674,2026-01-13,431.3500061035156,431.3500061035156,433.5,425.5,431.3500061035156,11868
675,2026-01-14,424.5,424.5,426.1000061035156,424.1000061035156,424.5,6590
676,2026-01-16,424.0,424.0,424.5,424.0,424.0,4330
677,2026-01-19,423.3999938964844,423.3999938964844,424.0,422.0,423.3999938964844,11126
678,2026-01-20,414.95001220703125,414.95001220703125,418.0,414.95001220703125,414.95001220703125,4556
679,2026-01-21,406.70001220703125,406.70001220703125,414.79998779296875,406.70001220703125,406.70001220703125,2201
680,2026-01-22,398.6000061035156,398.6000061035156,406.6499938964844,398.6000061035156,398.6000061035156,6745
681,2026-01-23,390.6499938964844,390.6499938964844,397.04998779296875,390.6499938964844,390.6499938964844,5186
682,2026-01-27,371.1499938964844,371.1499938964844,390.5,371.1499938964844,390.5,28861
683,2026-01-28,365.54998779296875,365.54998779296875,374.8999938964844,354.20001220703125,368.0,45227
684,2026-01-29,383.79998779296875,383.79998779296875,383.79998779296875,362.25,362.25,18300
685,2026-01-30,399.95001220703125,399.95001220703125,402.95001220703125,384.0,394.25,35948
686,2026-02-02,406.3999938964844,406.3999938964844,418.8999938964844,397.70001220703125,418.3500061035156,18425
687,2026-02-03,405.1499938964844,405.1499938964844,417.0,402.25,416.3500061035156,20812
688,2026-02-04,396.54998779296875,396.54998779296875,405.1499938964844,392.04998779296875,405.1499938964844,16405
689,2026-02-05,393.8999938964844,393.8999938964844,407.95001220703125,390.0,399.6499938964844,14503
690,2026-02-06,396.1000061035156,396.1000061035156,401.8999938964844,387.0,399.45001220703125,12380
691,2026-02-09,398.5,398.5,401.0,389.1000061035156,390.1000061035156,21570
692,2026-02-10,399.8500061035156,399.8500061035156,401.70001220703125,395.29998779296875,395.29998779296875,13567
693,2026-02-11,415.04998779296875,415.04998779296875,419.79998779296875,394.1000061035156,396.0,32394
694,2026-02-12,409.8999938964844,409.8999938964844,419.8999938964844,404.29998779296875,416.0,9704
695,2026-02-13,398.45001220703125,398.45001220703125,408.0,389.45001220703125,408.0,18561
696,2026-02-16,395.04998779296875,395.04998779296875,398.0,392.04998779296875,397.6000061035156,9082
697,2026-02-17,391.29998779296875,391.29998779296875,398.95001220703125,389.0,394.8999938964844,9191
698,2026-02-18,391.45001220703125,391.45001220703125,394.0,390.20001220703125,394.0,10182
699,2026-02-19,387.54998779296875,387.54998779296875,394.3999938964844,386.5,386.5,33473
700,2026-02-20,387.3500061035156,387.3500061035156,390.0,382.0,387.54998779296875,2898
701,2026-02-23,381.3500061035156,381.3500061035156,392.95001220703125,380.0,387.3500061035156,12442
702,2026-02-24,368.75,368.75,388.5,368.0,388.5,8127
703,2026-02-25,371.25,371.25,377.0,365.25,375.8999938964844,8180
704,2026-02-26,374.04998779296875,374.04998779296875,378.0,365.5,376.0,5732
705,2026-02-27,371.3500061035156,371.3500061035156,378.0,365.1000061035156,374.95001220703125,8284
706,2026-03-02,361.8500061035156,361.8500061035156,368.0,353.6499938964844,355.04998779296875,11375
707,2026-03-04,350.70001220703125,350.70001220703125,359.3500061035156,343.79998779296875,348.75,23990
708,2026-03-05,348.20001220703125,348.20001220703125,354.8999938964844,336.20001220703125,349.45001220703125,12617
709,2026-03-06,363.79998779296875,363.79998779296875,365.6000061035156,340.0,340.0,28313
710,2026-03-09,341.3999938964844,341.3999938964844,357.0,337.54998779296875,356.1000061035156,45316
711,2026-03-10,388.20001220703125,388.20001220703125,409.6499938964844,342.0,346.5,469654
712,2026-03-11,382.95001220703125,382.95001220703125,399.3999938964844,380.0,391.0,86667
713,2026-03-12,376.70001220703125,376.70001220703125,384.3999938964844,363.04998779296875,372.5,49679
714,2026-03-13,361.0,361.0,385.0,358.6000061035156,379.25,39301
715,2026-03-16,375.20001220703125,375.20001220703125,378.0,344.95001220703125,360.0,62834
716,2026-03-17,395.0,395.0,406.0,368.1499938964844,381.5,148741
717,2026-03-18,404.45001220703125,404.45001220703125,435.0,400.0,403.0,127562
718,2026-03-19,384.04998779296875,384.04998779296875,407.25,379.6000061035156,404.0,38047
719,2026-03-20,405.1499938964844,405.1499938964844,428.0,388.0,388.5,170327
720,2026-03-23,376.6000061035156,376.6000061035156,404.5,373.1499938964844,404.5,58053
721,2026-03-24,382.79998779296875,382.79998779296875,396.0,377.25,396.0,63864
722,2026-03-25,385.6499938964844,385.6499938964844,398.45001220703125,383.0,386.70001220703125,31454
723,2026-03-27,364.54998779296875,364.54998779296875,385.0,355.04998779296875,384.0,56594
724,2026-03-30,360.04998779296875,360.04998779296875,375.0,352.0,361.0,61746
725,2026-04-01,375.79998779296875,375.79998779296875,392.0,374.0,374.45001220703125,45351
726,2026-04-02,368.6499938964844,368.6499938964844,375.04998779296875,364.1000061035156,375.04998779296875,67474
727,2026-04-06,388.8999938964844,388.8999938964844,398.70001220703125,366.0,375.0,128161
728,2026-04-07,388.95001220703125,388.95001220703125,396.0,381.04998779296875,388.8999938964844,47362
729,2026-04-08,398.3500061035156,398.3500061035156,406.6000061035156,395.75,399.0,66921
730,2026-04-09,395.6499938964844,395.6499938964844,408.0,392.54998779296875,399.95001220703125,60696
731,2026-04-10,405.04998779296875,405.04998779296875,408.95001220703125,396.0,396.0,52688
732,2026-04-13,400.5,400.5,410.0,390.54998779296875,404.70001220703125,53260
733,2026-04-15,411.0,411.0,419.3999938964844,404.0,404.0,52700
734,2026-04-16,440.3500061035156,440.3500061035156,450.0,407.5,417.0,346481
735,2026-04-17,475.1499938964844,475.1499938964844,502.79998779296875,451.3500061035156,465.8500061035156,1057303
736,2026-04-20,455.04998779296875,455.04998779296875,474.8999938964844,449.20001220703125,474.70001220703125,94122
737,2026-04-21,456.6499938964844,456.6499938964844,476.95001220703125,454.8999938964844,458.70001220703125,93851
738,2026-04-22,461.1499938964844,461.1499938964844,468.1000061035156,459.0,460.1000061035156,47909
